<?xml version="1.0" encoding="UTF-8" standalone="no"?>
<!DOCTYPE score-partwise PUBLIC
    "-//Recordare//DTD MusicXML 3.0 Partwise//EN"
    "http://www.musicxml.org/dtds/partwise.dtd">
<score-partwise version="3.0">
    <part-list>
        <score-part id="P1">
            <part-name>Music</part-name>
        </score-part>
    </part-list>  
    <part id="P1">
        <measure 
            number="1">
            <attributes>
                <divisions>4</divisions>
                <key>
                    <fifths>0</fifths>
                </key>
                <time>
         
                    <beats>4</beats>
                    <beat-type>4</beat-type>
                </time>
                <clef>
                    <sign>G</sign>
                    <line>2</line>
   
                </clef>
            </attributes>
            <note>
                <pitch>
                    <step>C</step>
                    <octave>4</octave>
                </pitch>
     
                <duration>1</duration>
                <type>quarter</type>
            </note>
            <note>
                <pitch>
                    <step>D</step>
                    
                    <octave>4</octave>
                </pitch>
                <duration>1</duration>
                <type>quarter</type>
            </note>
            <note>
                <pitch>
           
                    <step>E</step>
                    <octave>4</octave>
                </pitch>
                <duration>1</duration>
                <type>quarter</type>
            </note>
         
            <note>
                <pitch>
                    <step>F</step>
                    <octave>4</octave>
                </pitch>
                <duration>1</duration>
                
                <type>quarter</type>
            </note>
        </measure>
    
        <measure number="2">
            <attributes>
                <divisions>4</divisions>
                <key>
             
                    <fifths>0</fifths>
                </key>
                <time>
                    <beats>4</beats>
                    <beat-type>4</beat-type>
                </time>
               
                <clef>
                    <sign>G</sign>
                    <line>2</line>
                </clef>
            </attributes>
            <note>
                <pitch>
                    
                    <step>G</step>
                    <octave>4</octave>
                </pitch>
                <duration>1</duration>
                <type>quarter</type>
            </note>
            
            <note>
                <pitch>
                    <step>A</step>
                    <octave>4</octave>
                </pitch>
                <duration>1</duration>
                
                <type>quarter</type>
            </note>
            <note>
                <pitch>
                    <step>B</step>
                    <octave>4</octave>
                </pitch>
           
                <duration>1</duration>
                <type>quarter</type>
            </note>
            <note>
                <pitch>
                    <step>C</step>
                    
                    <octave>5</octave>
                </pitch>
                <duration>1</duration>
                <type>quarter</type>
            </note>
        </measure>
    
        <measure number="3">
  
            <attributes>
                <divisions>4</divisions>
                <key>
                    <fifths>0</fifths>
                </key>
                <time>
                    
                    <beats>4</beats>
                    <beat-type>4</beat-type>
                </time>
                <clef>
                    <sign>G</sign>
                    <line>2</line>
              
                </clef>
            </attributes>
            <note>
                <pitch>
                    <step>B</step>
                    <octave>4</octave>
                </pitch>
                
                <duration>1</duration>
                <type>quarter</type>
            </note>
            <note>
                <pitch>
                    <step>A</step>
                    
                    <octave>4</octave>
                </pitch>
                <duration>1</duration>
                <type>quarter</type>
            </note>
            <note>
                <pitch>
           
                    <step>G</step>
                    <octave>4</octave>
                </pitch>
                <duration>1</duration>
                <type>quarter</type>
            </note>    
     
            <note>
                <pitch>
                    <step>F</step>
                    <octave>4</octave>
                </pitch>
                <duration>1</duration>
                
                <type>quarter</type>
            </note> 
        </measure>
        <measure number="4">
            <attributes>
                <divisions>4</divisions>
                <key>
                
                    <fifths>0</fifths>
                </key>
                <time>
                    <beats>4</beats>
                    <beat-type>4</beat-type>
                </time>
                
                <clef>
                    <sign>G</sign>
                    <line>2</line>
                </clef>
            </attributes>
            <note>
                <pitch>
                    
                    <step>E</step>
                    <octave>4</octave>
                </pitch>
                <duration>1</duration>
                <type>quarter</type>
            </note>
            
            <note>
                <pitch>
                    <step>D</step>
                    <octave>4</octave>
                </pitch>
                <duration>1</duration>
                
                <type>quarter</type>
            </note>
            <note>
                <pitch>
                    <step>C</step>
                    <octave>4</octave>
                </pitch>
           
                <duration>2</duration>
                <type>half</type>
            </note>
        </measure>
    </part>  
</score-partwise>
